{"cameraMode":{"drawMode":0,"name":"Shaded","section":"Shading Mode"},"sceneLighting":true,"audioPlay":false,"sceneViewState":{"showFog":true,"showMaterialUpdate":false,"showSkybox":true,"showFlares":true,"showImageEffects":true,"showParticleSystems":true},"in2DMode":false,"pivot":{"x":-0.0891803503036499,"y":1.515830636024475,"z":-0.2513538599014282},"rotation":{"x":-0.0021351694595068695,"y":0.9412654042243958,"z":-0.005937105044722557,"w":-0.3376089036464691},"size":4.327042102813721,"orthographic":false}