{"cameraMode":{"drawMode":0,"name":"Shaded","section":"Shading Mode"},"sceneLighting":false,"audioPlay":false,"sceneViewState":{"showFog":true,"showMaterialUpdate":false,"showSkybox":false,"showFlares":true,"showImageEffects":true,"showParticleSystems":true},"in2DMode":false,"pivot":{"x":-0.21230070292949677,"y":1.5726174116134644,"z":-0.12420690059661865},"rotation":{"x":0.0018079542787745596,"y":-0.041994351893663409,"z":0.000060073209169786423,"w":0.9991162419319153},"size":12.026363372802735,"orthographic":false}