{"cameraMode":{"drawMode":0,"name":"Shaded","section":"Shading Mode"},"sceneLighting":true,"audioPlay":false,"sceneViewState":{"showFog":true,"showMaterialUpdate":false,"showSkybox":true,"showFlares":true,"showImageEffects":true,"showParticleSystems":true},"in2DMode":false,"pivot":{"x":6.774296760559082,"y":-0.05637359619140625,"z":0.8317418098449707},"rotation":{"x":-0.23669889569282533,"y":0.23280367255210877,"z":-0.058524224907159808,"w":-0.9414621591567993},"size":7.972906112670898,"orthographic":false}