{"cameraMode":{"drawMode":0,"name":"Shaded","section":"Shading Mode"},"sceneLighting":false,"audioPlay":false,"sceneViewState":{"showFog":true,"showMaterialUpdate":false,"showSkybox":false,"showFlares":true,"showImageEffects":true,"showParticleSystems":true},"in2DMode":false,"pivot":{"x":0.17238634824752809,"y":1.110575556755066,"z":-0.6833070516586304},"rotation":{"x":0.000059155147027922794,"y":-0.988499104976654,"z":0.15122655034065247,"w":0.0002839281514752656},"size":1.8317790031433106,"orthographic":false}